fk_type_unite,members_lag1,leak_rate_lag1,growth_rate_lag1,delta_members_lag1,avg_members_unite_past,season_index,retention_rate,members_x_retention,dropout_risk_pred,dropout_proba
1,12.0,52.0,-52.0,-13.0,27.333333333333332,4,0.48,5.76,0,0.498
2,25.0,0.0,38.88888888888889,7.0,27.666666666666668,4,1.0,25.0,1,0.506
3,12.0,25.0,-25.0,-4.0,17.333333333333332,4,0.75,9.0,0,0.499
4,20.0,0.0,11.11111111111111,2.0,24.0,4,1.0,20.0,1,0.503
5,8.0,20.0,-20.0,-2.0,10.0,4,0.8,6.4,0,0.497
6,6.0,40.0,-40.0,-4.0,8.0,4,0.6,3.5999999999999996,0,0.495
