fk_type_unite,season,members_lag1,leak_rate_lag1,growth_rate_lag1,delta_members_lag1,avg_members_unite_past,season_index,retention_rate,members_x_retention,pred_ridge,pred_rf
1,2026/2027,12.0,52.0,-52.0,-13.0,27.333333333333332,4,0.48,5.76,26.3,22.9
2,2026/2027,25.0,0.0,38.88888888888889,7.0,27.666666666666668,4,1.0,25.0,14.6,18.4
3,2026/2027,12.0,25.0,-25.0,-4.0,17.333333333333332,4,0.75,9.0,13.4,12.2
4,2026/2027,20.0,0.0,11.11111111111111,2.0,24.0,4,1.0,20.0,14.3,17.5
5,2026/2027,8.0,20.0,-20.0,-2.0,10.0,4,0.8,6.4,10.3,9.3
6,2026/2027,6.0,40.0,-40.0,-4.0,8.0,4,0.6,3.5999999999999996,15.3,10.5
