fk_type_unite,season,season_year,nbmr_members_season,members_lag1,leak_rate_lag1,growth_rate_lag1,delta_members_lag1,avg_members_unite_past,season_index
1,2026/2027,2026,,12,52.0,-52.0,-13,27.333333333333332,4
2,2026/2027,2026,,25,0.0,38.88888888888889,7,27.666666666666668,4
3,2026/2027,2026,,12,25.0,-25.0,-4,17.333333333333332,4
4,2026/2027,2026,,20,0.0,11.11111111111111,2,24.0,4
5,2026/2027,2026,,8,20.0,-20.0,-2,10.0,4
6,2026/2027,2026,,6,40.0,-40.0,-4,8.0,4
